{
  "mode": "profile-limits",
  "fixtures": [
    "react-vite",
    "vue-vite",
    "runtime-npm",
    "firebase-with-functions",
    "monorepo-turbo",
    "monorepo-pnpm-workspace"
  ],
  "profiles": [
    "compact",
    "standard",
    "full"
  ],
  "encodings": [
    "cl100k_base",
    "o200k_base"
  ],
  "summary": {
    "totalCases": 18,
    "byProfile": {
      "compact": {
        "cases": 6,
        "lineCount": {
          "min": 32,
          "max": 88,
          "avg": 61.333333333333336
        },
        "estimatedTokens": {
          "min": 195,
          "max": 687,
          "avg": 451.5
        }
      },
      "standard": {
        "cases": 6,
        "lineCount": {
          "min": 130,
          "max": 168,
          "avg": 150.83333333333334
        },
        "estimatedTokens": {
          "min": 1050,
          "max": 1609,
          "avg": 1288.8333333333333
        }
      },
      "full": {
        "cases": 6,
        "lineCount": {
          "min": 201,
          "max": 250,
          "avg": 223
        },
        "estimatedTokens": {
          "min": 1695,
          "max": 2380,
          "avg": 1943.6666666666667
        }
      }
    },
    "byEncoding": {
      "cl100k_base": {
        "cases": 18,
        "absPctError": {
          "mean": 11.571238705639193,
          "p50": 12.860152468301095,
          "p95": 20.44734876773711,
          "max": 22.05128205128205
        },
        "deltaTokens": {
          "mean": 141.22222222222223,
          "min": -35,
          "max": 430
        }
      },
      "o200k_base": {
        "cases": 18,
        "absPctError": {
          "mean": 14.180225144895088,
          "p50": 16.70113761147988,
          "p95": 22.946217904233173,
          "max": 23.636363636363637
        },
        "deltaTokens": {
          "mean": 178.38888888888889,
          "min": -10,
          "max": 455
        }
      }
    },
    "byFixture": {
      "react-vite": {
        "cases": 3,
        "byEncoding": {
          "cl100k_base": {
            "cases": 3,
            "absPctError": {
              "mean": 9.443214526724601,
              "p50": 9.75609756097561,
              "p95": 14.112255718830479,
              "max": 14.596273291925465
            },
            "deltaTokens": {
              "mean": 107.33333333333333,
              "min": -21,
              "max": 235
            }
          },
          "o200k_base": {
            "cases": 3,
            "absPctError": {
              "mean": 10.748966676080705,
              "p50": 13.445378151260504,
              "p95": 16.639401480313115,
              "max": 16.994292961318962
            },
            "deltaTokens": {
              "mean": 140.33333333333334,
              "min": 9,
              "max": 268
            }
          }
        }
      },
      "vue-vite": {
        "cases": 3,
        "byEncoding": {
          "cl100k_base": {
            "cases": 3,
            "absPctError": {
              "mean": 13.278197911086826,
              "p50": 12.660944206008583,
              "p95": 16.83702867665622,
              "max": 17.301038062283737
            },
            "deltaTokens": {
              "mean": 112.33333333333333,
              "min": -31,
              "max": 250
            }
          },
          "o200k_base": {
            "cases": 3,
            "absPctError": {
              "mean": 13.090422889884328,
              "p50": 16.4079822616408,
              "p95": 19.146083638426234,
              "max": 19.45031712473573
            },
            "deltaTokens": {
              "mean": 138,
              "min": -10,
              "max": 276
            }
          }
        }
      },
      "runtime-npm": {
        "cases": 3,
        "byEncoding": {
          "cl100k_base": {
            "cases": 3,
            "absPctError": {
              "mean": 15.385490156163073,
              "p50": 20.164301717699775,
              "p95": 21.862584017923822,
              "max": 22.05128205128205
            },
            "deltaTokens": {
              "mean": 230.66666666666666,
              "min": -8,
              "max": 430
            }
          },
          "o200k_base": {
            "cases": 3,
            "absPctError": {
              "mean": 17.672722722153335,
              "p50": 22.824427480916032,
              "p95": 23.555170020818874,
              "max": 23.636363636363637
            },
            "deltaTokens": {
              "mean": 255.33333333333334,
              "min": 12,
              "max": 455
            }
          }
        }
      },
      "firebase-with-functions": {
        "cases": 3,
        "byEncoding": {
          "cl100k_base": {
            "cases": 3,
            "absPctError": {
              "mean": 11.570225651236106,
              "p50": 14.634146341463413,
              "p95": 17.879230960676953,
              "max": 18.239795918367346
            },
            "deltaTokens": {
              "mean": 150.33333333333334,
              "min": 9,
              "max": 286
            }
          },
          "o200k_base": {
            "cases": 3,
            "absPctError": {
              "mean": 15.565398640678296,
              "p50": 18.29622458857696,
              "p95": 20.39175648618366,
              "max": 20.624593363695514
            },
            "deltaTokens": {
              "mean": 180.66666666666666,
              "min": 36,
              "max": 317
            }
          }
        }
      },
      "monorepo-turbo": {
        "cases": 3,
        "byEncoding": {
          "cl100k_base": {
            "cases": 3,
            "absPctError": {
              "mean": 9.281686885556601,
              "p50": 9.041309431021045,
              "p95": 13.464626159759392,
              "max": 13.956105796285875
            },
            "deltaTokens": {
              "mean": 109.66666666666667,
              "min": -35,
              "max": 248
            }
          },
          "o200k_base": {
            "cases": 3,
            "absPctError": {
              "mean": 11.730130020458942,
              "p50": 14.390842191332789,
              "p95": 17.460026627510242,
              "max": 17.801047120418847
            },
            "deltaTokens": {
              "mean": 167.33333333333334,
              "min": 20,
              "max": 306
            }
          }
        }
      },
      "monorepo-pnpm-workspace": {
        "cases": 3,
        "byEncoding": {
          "cl100k_base": {
            "cases": 3,
            "absPctError": {
              "mean": 10.468617103067968,
              "p50": 13.059360730593609,
              "p95": 16.8251305349851,
              "max": 17.24354940213971
            },
            "deltaTokens": {
              "mean": 137,
              "min": -6,
              "max": 274
            }
          },
          "o200k_base": {
            "cases": 3,
            "absPctError": {
              "mean": 16.27370992011493,
              "p50": 18.924111431316042,
              "p95": 20.981545821075652,
              "max": 21.210149642160054
            },
            "deltaTokens": {
              "mean": 188.66666666666666,
              "min": 43,
              "max": 326
            }
          }
        }
      }
    }
  },
  "cases": [
    {
      "fixture": "react-vite",
      "profile": "compact",
      "lineCount": 70,
      "estimatedTokens": 507,
      "tokenMetrics": {
        "cl100k_base": {
          "realTokens": 528,
          "delta": -21,
          "absPctError": 3.977272727272727
        },
        "o200k_base": {
          "realTokens": 498,
          "delta": 9,
          "absPctError": 1.8072289156626504
        }
      }
    },
    {
      "fixture": "react-vite",
      "profile": "standard",
      "lineCount": 150,
      "estimatedTokens": 1215,
      "tokenMetrics": {
        "cl100k_base": {
          "realTokens": 1107,
          "delta": 108,